filename,time_len
synthetic_eeg_sample_1620.pt,5000
synthetic_eeg_sample_142.pt,5000
synthetic_eeg_sample_1034.pt,5000
synthetic_eeg_sample_205.pt,5000
synthetic_eeg_sample_182.pt,5000
synthetic_eeg_sample_1442.pt,5000
synthetic_eeg_sample_799.pt,5000
synthetic_eeg_sample_511.pt,5000
synthetic_eeg_sample_1111.pt,5000
synthetic_eeg_sample_1407.pt,5000
synthetic_eeg_sample_356.pt,5000
synthetic_eeg_sample_927.pt,5000
synthetic_eeg_sample_668.pt,5000
synthetic_eeg_sample_400.pt,5000
synthetic_eeg_sample_1738.pt,5000
synthetic_eeg_sample_778.pt,5000
synthetic_eeg_sample_1206.pt,5000
synthetic_eeg_sample_1502.pt,5000
synthetic_eeg_sample_896.pt,5000
synthetic_eeg_sample_1945.pt,5000
synthetic_eeg_sample_1064.pt,5000
synthetic_eeg_sample_410.pt,5000
synthetic_eeg_sample_246.pt,5000
synthetic_eeg_sample_916.pt,5000
synthetic_eeg_sample_154.pt,5000
synthetic_eeg_sample_014.pt,5000
synthetic_eeg_sample_1823.pt,5000
synthetic_eeg_sample_977.pt,5000
synthetic_eeg_sample_825.pt,5000
synthetic_eeg_sample_701.pt,5000
synthetic_eeg_sample_347.pt,5000
synthetic_eeg_sample_1450.pt,5000
synthetic_eeg_sample_690.pt,5000
synthetic_eeg_sample_047.pt,5000
synthetic_eeg_sample_274.pt,5000
synthetic_eeg_sample_031.pt,5000
synthetic_eeg_sample_1345.pt,5000
synthetic_eeg_sample_717.pt,5000
synthetic_eeg_sample_416.pt,5000
synthetic_eeg_sample_847.pt,5000
synthetic_eeg_sample_901.pt,5000
synthetic_eeg_sample_1707.pt,5000
synthetic_eeg_sample_895.pt,5000
synthetic_eeg_sample_1857.pt,5000
synthetic_eeg_sample_586.pt,5000
synthetic_eeg_sample_650.pt,5000
synthetic_eeg_sample_766.pt,5000
synthetic_eeg_sample_1268.pt,5000
synthetic_eeg_sample_1627.pt,5000
synthetic_eeg_sample_1349.pt,5000
synthetic_eeg_sample_1985.pt,5000
synthetic_eeg_sample_1332.pt,5000
synthetic_eeg_sample_1953.pt,5000
synthetic_eeg_sample_721.pt,5000
synthetic_eeg_sample_1043.pt,5000
synthetic_eeg_sample_1547.pt,5000
synthetic_eeg_sample_999.pt,5000
synthetic_eeg_sample_865.pt,5000
synthetic_eeg_sample_554.pt,5000
synthetic_eeg_sample_022.pt,5000
synthetic_eeg_sample_216.pt,5000
synthetic_eeg_sample_510.pt,5000
synthetic_eeg_sample_1421.pt,5000
synthetic_eeg_sample_1603.pt,5000
synthetic_eeg_sample_1750.pt,5000
synthetic_eeg_sample_1884.pt,5000
synthetic_eeg_sample_968.pt,5000
synthetic_eeg_sample_1498.pt,5000
synthetic_eeg_sample_418.pt,5000
synthetic_eeg_sample_121.pt,5000
synthetic_eeg_sample_190.pt,5000
synthetic_eeg_sample_415.pt,5000
synthetic_eeg_sample_487.pt,5000
synthetic_eeg_sample_1741.pt,5000
synthetic_eeg_sample_1520.pt,5000
synthetic_eeg_sample_832.pt,5000
synthetic_eeg_sample_1472.pt,5000
synthetic_eeg_sample_1727.pt,5000
synthetic_eeg_sample_1954.pt,5000
synthetic_eeg_sample_1559.pt,5000
synthetic_eeg_sample_143.pt,5000
synthetic_eeg_sample_814.pt,5000
synthetic_eeg_sample_981.pt,5000
synthetic_eeg_sample_1057.pt,5000
synthetic_eeg_sample_519.pt,5000
synthetic_eeg_sample_1998.pt,5000
synthetic_eeg_sample_1454.pt,5000
synthetic_eeg_sample_622.pt,5000
synthetic_eeg_sample_568.pt,5000
synthetic_eeg_sample_464.pt,5000
synthetic_eeg_sample_1394.pt,5000
synthetic_eeg_sample_654.pt,5000
synthetic_eeg_sample_055.pt,5000
synthetic_eeg_sample_947.pt,5000
synthetic_eeg_sample_1971.pt,5000
synthetic_eeg_sample_1106.pt,5000
synthetic_eeg_sample_1668.pt,5000
synthetic_eeg_sample_899.pt,5000
synthetic_eeg_sample_421.pt,5000
synthetic_eeg_sample_083.pt,5000
synthetic_eeg_sample_1376.pt,5000
synthetic_eeg_sample_639.pt,5000
synthetic_eeg_sample_221.pt,5000
synthetic_eeg_sample_1435.pt,5000
synthetic_eeg_sample_578.pt,5000
synthetic_eeg_sample_440.pt,5000
synthetic_eeg_sample_253.pt,5000
synthetic_eeg_sample_1131.pt,5000
synthetic_eeg_sample_1148.pt,5000
synthetic_eeg_sample_1656.pt,5000
synthetic_eeg_sample_078.pt,5000
synthetic_eeg_sample_1912.pt,5000
synthetic_eeg_sample_437.pt,5000
synthetic_eeg_sample_994.pt,5000
synthetic_eeg_sample_1497.pt,5000
synthetic_eeg_sample_738.pt,5000
synthetic_eeg_sample_1133.pt,5000
synthetic_eeg_sample_1837.pt,5000
synthetic_eeg_sample_1372.pt,5000
synthetic_eeg_sample_168.pt,5000
synthetic_eeg_sample_917.pt,5000
synthetic_eeg_sample_482.pt,5000
synthetic_eeg_sample_1154.pt,5000
synthetic_eeg_sample_1132.pt,5000
synthetic_eeg_sample_1585.pt,5000
synthetic_eeg_sample_1816.pt,5000
synthetic_eeg_sample_641.pt,5000
synthetic_eeg_sample_1946.pt,5000
synthetic_eeg_sample_1833.pt,5000
synthetic_eeg_sample_676.pt,5000
synthetic_eeg_sample_1789.pt,5000
synthetic_eeg_sample_908.pt,5000
synthetic_eeg_sample_317.pt,5000
synthetic_eeg_sample_1638.pt,5000
synthetic_eeg_sample_122.pt,5000
synthetic_eeg_sample_164.pt,5000
synthetic_eeg_sample_754.pt,5000
synthetic_eeg_sample_960.pt,5000
synthetic_eeg_sample_395.pt,5000
synthetic_eeg_sample_1224.pt,5000
synthetic_eeg_sample_734.pt,5000
synthetic_eeg_sample_1607.pt,5000
synthetic_eeg_sample_1529.pt,5000
synthetic_eeg_sample_1045.pt,5000
synthetic_eeg_sample_1041.pt,5000
synthetic_eeg_sample_1222.pt,5000
synthetic_eeg_sample_1813.pt,5000
synthetic_eeg_sample_1105.pt,5000
synthetic_eeg_sample_1400.pt,5000
synthetic_eeg_sample_455.pt,5000
synthetic_eeg_sample_1161.pt,5000
synthetic_eeg_sample_1018.pt,5000
synthetic_eeg_sample_1269.pt,5000
synthetic_eeg_sample_1157.pt,5000
synthetic_eeg_sample_1848.pt,5000
synthetic_eeg_sample_165.pt,5000
synthetic_eeg_sample_553.pt,5000
synthetic_eeg_sample_1722.pt,5000
synthetic_eeg_sample_1751.pt,5000
synthetic_eeg_sample_1377.pt,5000
synthetic_eeg_sample_1962.pt,5000
synthetic_eeg_sample_424.pt,5000
synthetic_eeg_sample_473.pt,5000
synthetic_eeg_sample_1414.pt,5000
synthetic_eeg_sample_1743.pt,5000
synthetic_eeg_sample_921.pt,5000
synthetic_eeg_sample_452.pt,5000
synthetic_eeg_sample_1753.pt,5000
synthetic_eeg_sample_1017.pt,5000
synthetic_eeg_sample_1675.pt,5000
synthetic_eeg_sample_1930.pt,5000
synthetic_eeg_sample_1234.pt,5000
synthetic_eeg_sample_600.pt,5000
synthetic_eeg_sample_1446.pt,5000
synthetic_eeg_sample_071.pt,5000
synthetic_eeg_sample_173.pt,5000
synthetic_eeg_sample_1916.pt,5000
synthetic_eeg_sample_1035.pt,5000
synthetic_eeg_sample_1872.pt,5000
synthetic_eeg_sample_105.pt,5000
synthetic_eeg_sample_1247.pt,5000
synthetic_eeg_sample_682.pt,5000
synthetic_eeg_sample_1042.pt,5000
synthetic_eeg_sample_961.pt,5000
synthetic_eeg_sample_1147.pt,5000
synthetic_eeg_sample_1955.pt,5000
synthetic_eeg_sample_360.pt,5000
synthetic_eeg_sample_576.pt,5000
synthetic_eeg_sample_495.pt,5000
synthetic_eeg_sample_1171.pt,5000
synthetic_eeg_sample_398.pt,5000
synthetic_eeg_sample_1633.pt,5000
synthetic_eeg_sample_857.pt,5000
synthetic_eeg_sample_430.pt,5000
synthetic_eeg_sample_1370.pt,5000
synthetic_eeg_sample_1568.pt,5000
synthetic_eeg_sample_957.pt,5000
synthetic_eeg_sample_1293.pt,5000
synthetic_eeg_sample_1599.pt,5000
synthetic_eeg_sample_640.pt,5000
synthetic_eeg_sample_1252.pt,5000
synthetic_eeg_sample_1782.pt,5000
synthetic_eeg_sample_616.pt,5000
synthetic_eeg_sample_1109.pt,5000
synthetic_eeg_sample_1301.pt,5000
synthetic_eeg_sample_1605.pt,5000
synthetic_eeg_sample_033.pt,5000
synthetic_eeg_sample_1878.pt,5000
synthetic_eeg_sample_574.pt,5000
synthetic_eeg_sample_1102.pt,5000
synthetic_eeg_sample_915.pt,5000
synthetic_eeg_sample_278.pt,5000
synthetic_eeg_sample_1115.pt,5000
synthetic_eeg_sample_731.pt,5000
synthetic_eeg_sample_432.pt,5000
synthetic_eeg_sample_075.pt,5000
synthetic_eeg_sample_1940.pt,5000
synthetic_eeg_sample_1851.pt,5000
synthetic_eeg_sample_539.pt,5000
synthetic_eeg_sample_637.pt,5000
synthetic_eeg_sample_680.pt,5000
synthetic_eeg_sample_1708.pt,5000
synthetic_eeg_sample_1929.pt,5000
synthetic_eeg_sample_1473.pt,5000
synthetic_eeg_sample_426.pt,5000
synthetic_eeg_sample_774.pt,5000
synthetic_eeg_sample_1537.pt,5000
synthetic_eeg_sample_1381.pt,5000
synthetic_eeg_sample_1216.pt,5000
synthetic_eeg_sample_523.pt,5000
synthetic_eeg_sample_1976.pt,5000
synthetic_eeg_sample_469.pt,5000
synthetic_eeg_sample_776.pt,5000
synthetic_eeg_sample_1688.pt,5000
synthetic_eeg_sample_791.pt,5000
synthetic_eeg_sample_1202.pt,5000
synthetic_eeg_sample_227.pt,5000
synthetic_eeg_sample_458.pt,5000
synthetic_eeg_sample_270.pt,5000
synthetic_eeg_sample_1735.pt,5000
synthetic_eeg_sample_1538.pt,5000
synthetic_eeg_sample_1051.pt,5000
synthetic_eeg_sample_045.pt,5000
synthetic_eeg_sample_1868.pt,5000
synthetic_eeg_sample_1337.pt,5000
synthetic_eeg_sample_318.pt,5000
synthetic_eeg_sample_1711.pt,5000
synthetic_eeg_sample_1438.pt,5000
synthetic_eeg_sample_1122.pt,5000
synthetic_eeg_sample_066.pt,5000
synthetic_eeg_sample_1319.pt,5000
synthetic_eeg_sample_980.pt,5000
synthetic_eeg_sample_156.pt,5000
synthetic_eeg_sample_028.pt,5000
synthetic_eeg_sample_876.pt,5000
synthetic_eeg_sample_177.pt,5000
synthetic_eeg_sample_1416.pt,5000
synthetic_eeg_sample_662.pt,5000
synthetic_eeg_sample_663.pt,5000
synthetic_eeg_sample_1676.pt,5000
synthetic_eeg_sample_1778.pt,5000
synthetic_eeg_sample_008.pt,5000
synthetic_eeg_sample_1316.pt,5000
synthetic_eeg_sample_1383.pt,5000
synthetic_eeg_sample_1812.pt,5000
synthetic_eeg_sample_875.pt,5000
synthetic_eeg_sample_1009.pt,5000
synthetic_eeg_sample_027.pt,5000
synthetic_eeg_sample_1038.pt,5000
synthetic_eeg_sample_818.pt,5000
synthetic_eeg_sample_1358.pt,5000
synthetic_eeg_sample_436.pt,5000
synthetic_eeg_sample_366.pt,5000
synthetic_eeg_sample_1177.pt,5000
synthetic_eeg_sample_588.pt,5000
synthetic_eeg_sample_1673.pt,5000
synthetic_eeg_sample_887.pt,5000
synthetic_eeg_sample_254.pt,5000
synthetic_eeg_sample_1826.pt,5000
synthetic_eeg_sample_1899.pt,5000
synthetic_eeg_sample_866.pt,5000
synthetic_eeg_sample_198.pt,5000
synthetic_eeg_sample_890.pt,5000
synthetic_eeg_sample_1265.pt,5000
synthetic_eeg_sample_1511.pt,5000
synthetic_eeg_sample_686.pt,5000
synthetic_eeg_sample_1583.pt,5000
synthetic_eeg_sample_1986.pt,5000
synthetic_eeg_sample_536.pt,5000
synthetic_eeg_sample_1602.pt,5000
synthetic_eeg_sample_1060.pt,5000
synthetic_eeg_sample_1634.pt,5000
synthetic_eeg_sample_266.pt,5000
synthetic_eeg_sample_749.pt,5000
synthetic_eeg_sample_1879.pt,5000
synthetic_eeg_sample_1624.pt,5000
synthetic_eeg_sample_287.pt,5000
synthetic_eeg_sample_207.pt,5000
synthetic_eeg_sample_1593.pt,5000
synthetic_eeg_sample_932.pt,5000
synthetic_eeg_sample_1150.pt,5000
synthetic_eeg_sample_1030.pt,5000
synthetic_eeg_sample_583.pt,5000
synthetic_eeg_sample_923.pt,5000
synthetic_eeg_sample_907.pt,5000
synthetic_eeg_sample_664.pt,5000
synthetic_eeg_sample_580.pt,5000
synthetic_eeg_sample_542.pt,5000
synthetic_eeg_sample_1632.pt,5000
synthetic_eeg_sample_840.pt,5000
synthetic_eeg_sample_1181.pt,5000
synthetic_eeg_sample_1459.pt,5000
synthetic_eeg_sample_719.pt,5000
synthetic_eeg_sample_119.pt,5000
synthetic_eeg_sample_387.pt,5000
synthetic_eeg_sample_1386.pt,5000
synthetic_eeg_sample_562.pt,5000
synthetic_eeg_sample_742.pt,5000
synthetic_eeg_sample_882.pt,5000
synthetic_eeg_sample_697.pt,5000
synthetic_eeg_sample_025.pt,5000
synthetic_eeg_sample_998.pt,5000
synthetic_eeg_sample_1923.pt,5000
synthetic_eeg_sample_1983.pt,5000
synthetic_eeg_sample_969.pt,5000
synthetic_eeg_sample_364.pt,5000
synthetic_eeg_sample_1292.pt,5000
synthetic_eeg_sample_831.pt,5000
synthetic_eeg_sample_1809.pt,5000
synthetic_eeg_sample_467.pt,5000
synthetic_eeg_sample_1981.pt,5000
synthetic_eeg_sample_037.pt,5000
synthetic_eeg_sample_953.pt,5000
synthetic_eeg_sample_826.pt,5000
synthetic_eeg_sample_1647.pt,5000
synthetic_eeg_sample_853.pt,5000
synthetic_eeg_sample_1861.pt,5000
synthetic_eeg_sample_1725.pt,5000
synthetic_eeg_sample_1907.pt,5000
synthetic_eeg_sample_540.pt,5000
synthetic_eeg_sample_038.pt,5000
synthetic_eeg_sample_382.pt,5000
synthetic_eeg_sample_632.pt,5000
synthetic_eeg_sample_1155.pt,5000
synthetic_eeg_sample_561.pt,5000
synthetic_eeg_sample_1855.pt,5000
synthetic_eeg_sample_619.pt,5000
synthetic_eeg_sample_1313.pt,5000
synthetic_eeg_sample_118.pt,5000
synthetic_eeg_sample_472.pt,5000
synthetic_eeg_sample_498.pt,5000
synthetic_eeg_sample_1594.pt,5000
synthetic_eeg_sample_275.pt,5000
synthetic_eeg_sample_1134.pt,5000
synthetic_eeg_sample_1524.pt,5000
synthetic_eeg_sample_930.pt,5000
synthetic_eeg_sample_1405.pt,5000
synthetic_eeg_sample_1298.pt,5000
synthetic_eeg_sample_492.pt,5000
synthetic_eeg_sample_1834.pt,5000
synthetic_eeg_sample_1906.pt,5000
synthetic_eeg_sample_448.pt,5000
synthetic_eeg_sample_1535.pt,5000
synthetic_eeg_sample_271.pt,5000
synthetic_eeg_sample_877.pt,5000
synthetic_eeg_sample_874.pt,5000
synthetic_eeg_sample_1721.pt,5000
synthetic_eeg_sample_626.pt,5000
synthetic_eeg_sample_1354.pt,5000
synthetic_eeg_sample_1240.pt,5000
synthetic_eeg_sample_323.pt,5000
synthetic_eeg_sample_1121.pt,5000
synthetic_eeg_sample_1366.pt,5000
synthetic_eeg_sample_1069.pt,5000
synthetic_eeg_sample_485.pt,5000
synthetic_eeg_sample_1044.pt,5000
synthetic_eeg_sample_1170.pt,5000
synthetic_eeg_sample_1226.pt,5000
synthetic_eeg_sample_1786.pt,5000
synthetic_eeg_sample_1330.pt,5000
synthetic_eeg_sample_572.pt,5000
synthetic_eeg_sample_292.pt,5000
synthetic_eeg_sample_1665.pt,5000
synthetic_eeg_sample_1651.pt,5000
synthetic_eeg_sample_1674.pt,5000
synthetic_eeg_sample_052.pt,5000
synthetic_eeg_sample_1214.pt,5000
synthetic_eeg_sample_623.pt,5000
synthetic_eeg_sample_1508.pt,5000
synthetic_eeg_sample_1413.pt,5000
synthetic_eeg_sample_525.pt,5000
synthetic_eeg_sample_1506.pt,5000
synthetic_eeg_sample_1685.pt,5000
synthetic_eeg_sample_1006.pt,5000
synthetic_eeg_sample_087.pt,5000
synthetic_eeg_sample_341.pt,5000
synthetic_eeg_sample_1355.pt,5000
synthetic_eeg_sample_420.pt,5000
synthetic_eeg_sample_1988.pt,5000
synthetic_eeg_sample_1608.pt,5000
synthetic_eeg_sample_1444.pt,5000
synthetic_eeg_sample_702.pt,5000
synthetic_eeg_sample_231.pt,5000
synthetic_eeg_sample_060.pt,5000
synthetic_eeg_sample_496.pt,5000
synthetic_eeg_sample_786.pt,5000
synthetic_eeg_sample_551.pt,5000
synthetic_eeg_sample_546.pt,5000
synthetic_eeg_sample_194.pt,5000
synthetic_eeg_sample_1730.pt,5000
synthetic_eeg_sample_1961.pt,5000
synthetic_eeg_sample_905.pt,5000
synthetic_eeg_sample_1079.pt,5000
synthetic_eeg_sample_1112.pt,5000
synthetic_eeg_sample_1188.pt,5000
synthetic_eeg_sample_1207.pt,5000
synthetic_eeg_sample_379.pt,5000
synthetic_eeg_sample_1027.pt,5000
synthetic_eeg_sample_515.pt,5000
synthetic_eeg_sample_973.pt,5000
synthetic_eeg_sample_938.pt,5000
synthetic_eeg_sample_740.pt,5000
synthetic_eeg_sample_518.pt,5000
synthetic_eeg_sample_1645.pt,5000
synthetic_eeg_sample_798.pt,5000
synthetic_eeg_sample_952.pt,5000
synthetic_eeg_sample_944.pt,5000
synthetic_eeg_sample_1967.pt,5000
synthetic_eeg_sample_1491.pt,5000
synthetic_eeg_sample_833.pt,5000
synthetic_eeg_sample_537.pt,5000
synthetic_eeg_sample_644.pt,5000
synthetic_eeg_sample_210.pt,5000
synthetic_eeg_sample_017.pt,5000
synthetic_eeg_sample_727.pt,5000
synthetic_eeg_sample_1553.pt,5000
synthetic_eeg_sample_281.pt,5000
synthetic_eeg_sample_046.pt,5000
synthetic_eeg_sample_1176.pt,5000
synthetic_eeg_sample_1090.pt,5000
synthetic_eeg_sample_1294.pt,5000
synthetic_eeg_sample_965.pt,5000
synthetic_eeg_sample_1427.pt,5000
synthetic_eeg_sample_1518.pt,5000
synthetic_eeg_sample_264.pt,5000
synthetic_eeg_sample_631.pt,5000
synthetic_eeg_sample_1693.pt,5000
synthetic_eeg_sample_226.pt,5000
synthetic_eeg_sample_897.pt,5000
synthetic_eeg_sample_1595.pt,5000
synthetic_eeg_sample_1643.pt,5000
synthetic_eeg_sample_1526.pt,5000
synthetic_eeg_sample_530.pt,5000
synthetic_eeg_sample_307.pt,5000
synthetic_eeg_sample_1194.pt,5000
synthetic_eeg_sample_1931.pt,5000
synthetic_eeg_sample_1142.pt,5000
synthetic_eeg_sample_1761.pt,5000
synthetic_eeg_sample_1856.pt,5000
synthetic_eeg_sample_195.pt,5000
synthetic_eeg_sample_1836.pt,5000
synthetic_eeg_sample_633.pt,5000
synthetic_eeg_sample_291.pt,5000
synthetic_eeg_sample_344.pt,5000
synthetic_eeg_sample_934.pt,5000
synthetic_eeg_sample_613.pt,5000
synthetic_eeg_sample_1280.pt,5000
synthetic_eeg_sample_128.pt,5000
synthetic_eeg_sample_1736.pt,5000
synthetic_eeg_sample_1310.pt,5000
synthetic_eeg_sample_1952.pt,5000
synthetic_eeg_sample_1428.pt,5000
synthetic_eeg_sample_1887.pt,5000
synthetic_eeg_sample_062.pt,5000
synthetic_eeg_sample_1223.pt,5000
synthetic_eeg_sample_272.pt,5000
synthetic_eeg_sample_1486.pt,5000
synthetic_eeg_sample_1514.pt,5000
synthetic_eeg_sample_503.pt,5000
synthetic_eeg_sample_533.pt,5000
synthetic_eeg_sample_597.pt,5000
synthetic_eeg_sample_385.pt,5000
synthetic_eeg_sample_1309.pt,5000
synthetic_eeg_sample_110.pt,5000
synthetic_eeg_sample_162.pt,5000
synthetic_eeg_sample_006.pt,5000
synthetic_eeg_sample_709.pt,5000
synthetic_eeg_sample_332.pt,5000
synthetic_eeg_sample_925.pt,5000
synthetic_eeg_sample_1046.pt,5000
synthetic_eeg_sample_297.pt,5000
synthetic_eeg_sample_954.pt,5000
synthetic_eeg_sample_591.pt,5000
synthetic_eeg_sample_652.pt,5000
synthetic_eeg_sample_1441.pt,5000
synthetic_eeg_sample_1130.pt,5000
synthetic_eeg_sample_238.pt,5000
synthetic_eeg_sample_159.pt,5000
synthetic_eeg_sample_1621.pt,5000
synthetic_eeg_sample_1312.pt,5000
synthetic_eeg_sample_1942.pt,5000
synthetic_eeg_sample_1922.pt,5000
synthetic_eeg_sample_483.pt,5000
synthetic_eeg_sample_422.pt,5000
synthetic_eeg_sample_126.pt,5000
synthetic_eeg_sample_273.pt,5000
synthetic_eeg_sample_589.pt,5000
synthetic_eeg_sample_1076.pt,5000
synthetic_eeg_sample_959.pt,5000
synthetic_eeg_sample_013.pt,5000
synthetic_eeg_sample_320.pt,5000
synthetic_eeg_sample_1246.pt,5000
synthetic_eeg_sample_1648.pt,5000
synthetic_eeg_sample_860.pt,5000
synthetic_eeg_sample_175.pt,5000
synthetic_eeg_sample_1384.pt,5000
synthetic_eeg_sample_1403.pt,5000
synthetic_eeg_sample_797.pt,5000
synthetic_eeg_sample_894.pt,5000
synthetic_eeg_sample_670.pt,5000
synthetic_eeg_sample_1522.pt,5000
synthetic_eeg_sample_711.pt,5000
synthetic_eeg_sample_386.pt,5000
synthetic_eeg_sample_480.pt,5000
synthetic_eeg_sample_1757.pt,5000
synthetic_eeg_sample_251.pt,5000
synthetic_eeg_sample_378.pt,5000
synthetic_eeg_sample_885.pt,5000
synthetic_eeg_sample_230.pt,5000
synthetic_eeg_sample_620.pt,5000
synthetic_eeg_sample_1756.pt,5000
synthetic_eeg_sample_041.pt,5000
synthetic_eeg_sample_1933.pt,5000
synthetic_eeg_sample_545.pt,5000
synthetic_eeg_sample_1074.pt,5000
synthetic_eeg_sample_261.pt,5000
synthetic_eeg_sample_520.pt,5000
synthetic_eeg_sample_913.pt,5000
synthetic_eeg_sample_1622.pt,5000
synthetic_eeg_sample_1819.pt,5000
synthetic_eeg_sample_1630.pt,5000
synthetic_eeg_sample_1635.pt,5000
synthetic_eeg_sample_1380.pt,5000
synthetic_eeg_sample_152.pt,5000
synthetic_eeg_sample_215.pt,5000
synthetic_eeg_sample_677.pt,5000
synthetic_eeg_sample_369.pt,5000
synthetic_eeg_sample_1732.pt,5000
synthetic_eeg_sample_1817.pt,5000
synthetic_eeg_sample_185.pt,5000
synthetic_eeg_sample_486.pt,5000
synthetic_eeg_sample_1689.pt,5000
synthetic_eeg_sample_958.pt,5000
synthetic_eeg_sample_1461.pt,5000
synthetic_eeg_sample_1680.pt,5000
synthetic_eeg_sample_771.pt,5000
synthetic_eeg_sample_206.pt,5000
synthetic_eeg_sample_1571.pt,5000
synthetic_eeg_sample_407.pt,5000
synthetic_eeg_sample_1957.pt,5000
synthetic_eeg_sample_1793.pt,5000
synthetic_eeg_sample_319.pt,5000
synthetic_eeg_sample_1771.pt,5000
synthetic_eeg_sample_1255.pt,5000
synthetic_eeg_sample_330.pt,5000
synthetic_eeg_sample_1062.pt,5000
synthetic_eeg_sample_277.pt,5000
synthetic_eeg_sample_949.pt,5000
synthetic_eeg_sample_1205.pt,5000
synthetic_eeg_sample_724.pt,5000
synthetic_eeg_sample_116.pt,5000
synthetic_eeg_sample_1218.pt,5000
synthetic_eeg_sample_512.pt,5000
synthetic_eeg_sample_140.pt,5000
synthetic_eeg_sample_1951.pt,5000
synthetic_eeg_sample_1852.pt,5000
synthetic_eeg_sample_783.pt,5000
synthetic_eeg_sample_1631.pt,5000
synthetic_eeg_sample_607.pt,5000
synthetic_eeg_sample_1433.pt,5000
synthetic_eeg_sample_1854.pt,5000
synthetic_eeg_sample_1959.pt,5000
synthetic_eeg_sample_1013.pt,5000
synthetic_eeg_sample_651.pt,5000
synthetic_eeg_sample_1543.pt,5000
synthetic_eeg_sample_429.pt,5000
synthetic_eeg_sample_1580.pt,5000
synthetic_eeg_sample_509.pt,5000
synthetic_eeg_sample_384.pt,5000
synthetic_eeg_sample_250.pt,5000
synthetic_eeg_sample_684.pt,5000
synthetic_eeg_sample_665.pt,5000
synthetic_eeg_sample_1890.pt,5000
synthetic_eeg_sample_1036.pt,5000
synthetic_eeg_sample_1749.pt,5000
synthetic_eeg_sample_1611.pt,5000
synthetic_eeg_sample_446.pt,5000
synthetic_eeg_sample_402.pt,5000
synthetic_eeg_sample_1546.pt,5000
synthetic_eeg_sample_852.pt,5000
synthetic_eeg_sample_1841.pt,5000
synthetic_eeg_sample_419.pt,5000
synthetic_eeg_sample_1117.pt,5000
synthetic_eeg_sample_696.pt,5000
synthetic_eeg_sample_978.pt,5000
synthetic_eeg_sample_309.pt,5000
synthetic_eeg_sample_089.pt,5000
synthetic_eeg_sample_1118.pt,5000
synthetic_eeg_sample_1748.pt,5000
synthetic_eeg_sample_488.pt,5000
synthetic_eeg_sample_956.pt,5000
synthetic_eeg_sample_1278.pt,5000
synthetic_eeg_sample_1739.pt,5000
synthetic_eeg_sample_1810.pt,5000
synthetic_eeg_sample_1829.pt,5000
synthetic_eeg_sample_147.pt,5000
synthetic_eeg_sample_1391.pt,5000
synthetic_eeg_sample_1908.pt,5000
synthetic_eeg_sample_181.pt,5000
synthetic_eeg_sample_1915.pt,5000
synthetic_eeg_sample_001.pt,5000
synthetic_eeg_sample_268.pt,5000
synthetic_eeg_sample_1640.pt,5000
synthetic_eeg_sample_1342.pt,5000
synthetic_eeg_sample_475.pt,5000
synthetic_eeg_sample_328.pt,5000
synthetic_eeg_sample_1658.pt,5000
synthetic_eeg_sample_1270.pt,5000
synthetic_eeg_sample_1716.pt,5000
synthetic_eeg_sample_101.pt,5000
synthetic_eeg_sample_104.pt,5000
synthetic_eeg_sample_370.pt,5000
synthetic_eeg_sample_130.pt,5000
synthetic_eeg_sample_058.pt,5000
synthetic_eeg_sample_023.pt,5000
synthetic_eeg_sample_1183.pt,5000
synthetic_eeg_sample_700.pt,5000
synthetic_eeg_sample_1483.pt,5000
synthetic_eeg_sample_1703.pt,5000
synthetic_eeg_sample_1588.pt,5000
synthetic_eeg_sample_1636.pt,5000
synthetic_eeg_sample_1838.pt,5000
synthetic_eeg_sample_563.pt,5000
synthetic_eeg_sample_975.pt,5000
synthetic_eeg_sample_1375.pt,5000
synthetic_eeg_sample_870.pt,5000
synthetic_eeg_sample_1173.pt,5000
synthetic_eeg_sample_314.pt,5000
synthetic_eeg_sample_120.pt,5000
synthetic_eeg_sample_811.pt,5000
synthetic_eeg_sample_1209.pt,5000
synthetic_eeg_sample_1597.pt,5000
synthetic_eeg_sample_381.pt,5000
synthetic_eeg_sample_689.pt,5000
synthetic_eeg_sample_1614.pt,5000
synthetic_eeg_sample_288.pt,5000
synthetic_eeg_sample_1792.pt,5000
synthetic_eeg_sample_794.pt,5000
synthetic_eeg_sample_1039.pt,5000
synthetic_eeg_sample_353.pt,5000
synthetic_eeg_sample_034.pt,5000
synthetic_eeg_sample_800.pt,5000
synthetic_eeg_sample_1343.pt,5000
synthetic_eeg_sample_1731.pt,5000
synthetic_eeg_sample_1325.pt,5000
synthetic_eeg_sample_076.pt,5000
synthetic_eeg_sample_327.pt,5000
synthetic_eeg_sample_1250.pt,5000
synthetic_eeg_sample_1331.pt,5000
synthetic_eeg_sample_716.pt,5000
synthetic_eeg_sample_1463.pt,5000
synthetic_eeg_sample_224.pt,5000
synthetic_eeg_sample_984.pt,5000
synthetic_eeg_sample_1136.pt,5000
synthetic_eeg_sample_1801.pt,5000
synthetic_eeg_sample_617.pt,5000
synthetic_eeg_sample_093.pt,5000
synthetic_eeg_sample_257.pt,5000
synthetic_eeg_sample_1336.pt,5000
synthetic_eeg_sample_1678.pt,5000
synthetic_eeg_sample_1333.pt,5000
synthetic_eeg_sample_1423.pt,5000
synthetic_eeg_sample_145.pt,5000
synthetic_eeg_sample_843.pt,5000
synthetic_eeg_sample_935.pt,5000
synthetic_eeg_sample_1966.pt,5000
synthetic_eeg_sample_1026.pt,5000
synthetic_eeg_sample_1669.pt,5000
synthetic_eeg_sample_846.pt,5000
synthetic_eeg_sample_992.pt,5000
synthetic_eeg_sample_706.pt,5000
synthetic_eeg_sample_1733.pt,5000
synthetic_eeg_sample_371.pt,5000
synthetic_eeg_sample_647.pt,5000
synthetic_eeg_sample_1996.pt,5000
synthetic_eeg_sample_943.pt,5000
synthetic_eeg_sample_176.pt,5000
synthetic_eeg_sample_570.pt,5000
synthetic_eeg_sample_1469.pt,5000
synthetic_eeg_sample_1832.pt,5000
synthetic_eeg_sample_1127.pt,5000
synthetic_eeg_sample_1204.pt,5000
synthetic_eeg_sample_1591.pt,5000
synthetic_eeg_sample_1964.pt,5000
synthetic_eeg_sample_1462.pt,5000
synthetic_eeg_sample_1758.pt,5000
synthetic_eeg_sample_802.pt,5000
synthetic_eeg_sample_521.pt,5000
synthetic_eeg_sample_358.pt,5000
synthetic_eeg_sample_1004.pt,5000
synthetic_eeg_sample_342.pt,5000
synthetic_eeg_sample_1445.pt,5000
synthetic_eeg_sample_1201.pt,5000
synthetic_eeg_sample_1775.pt,5000
synthetic_eeg_sample_596.pt,5000
synthetic_eeg_sample_937.pt,5000
synthetic_eeg_sample_1061.pt,5000
synthetic_eeg_sample_1796.pt,5000
synthetic_eeg_sample_009.pt,5000
synthetic_eeg_sample_1089.pt,5000
synthetic_eeg_sample_1287.pt,5000
synthetic_eeg_sample_461.pt,5000
synthetic_eeg_sample_1040.pt,5000
synthetic_eeg_sample_039.pt,5000
synthetic_eeg_sample_1557.pt,5000
synthetic_eeg_sample_1103.pt,5000
synthetic_eeg_sample_1437.pt,5000
synthetic_eeg_sample_321.pt,5000
synthetic_eeg_sample_962.pt,5000
synthetic_eeg_sample_790.pt,5000
synthetic_eeg_sample_1196.pt,5000
synthetic_eeg_sample_1484.pt,5000
synthetic_eeg_sample_470.pt,5000
synthetic_eeg_sample_249.pt,5000
synthetic_eeg_sample_1286.pt,5000
synthetic_eeg_sample_1990.pt,5000
synthetic_eeg_sample_804.pt,5000
synthetic_eeg_sample_174.pt,5000
synthetic_eeg_sample_1140.pt,5000
synthetic_eeg_sample_1049.pt,5000
synthetic_eeg_sample_493.pt,5000
synthetic_eeg_sample_1162.pt,5000
synthetic_eeg_sample_1163.pt,5000
synthetic_eeg_sample_343.pt,5000
synthetic_eeg_sample_845.pt,5000
synthetic_eeg_sample_548.pt,5000
synthetic_eeg_sample_337.pt,5000
synthetic_eeg_sample_1151.pt,5000
synthetic_eeg_sample_1604.pt,5000
synthetic_eeg_sample_1802.pt,5000
synthetic_eeg_sample_820.pt,5000
synthetic_eeg_sample_235.pt,5000
synthetic_eeg_sample_339.pt,5000
synthetic_eeg_sample_1085.pt,5000
synthetic_eeg_sample_456.pt,5000
synthetic_eeg_sample_1903.pt,5000
synthetic_eeg_sample_1406.pt,5000
synthetic_eeg_sample_077.pt,5000
synthetic_eeg_sample_265.pt,5000
synthetic_eeg_sample_1351.pt,5000
synthetic_eeg_sample_1468.pt,5000
synthetic_eeg_sample_929.pt,5000
synthetic_eeg_sample_1744.pt,5000
synthetic_eeg_sample_764.pt,5000
synthetic_eeg_sample_208.pt,5000
synthetic_eeg_sample_948.pt,5000
synthetic_eeg_sample_1243.pt,5000
synthetic_eeg_sample_1928.pt,5000
synthetic_eeg_sample_1470.pt,5000
synthetic_eeg_sample_186.pt,5000
synthetic_eeg_sample_1839.pt,5000
synthetic_eeg_sample_1146.pt,5000
synthetic_eeg_sample_1628.pt,5000
synthetic_eeg_sample_1212.pt,5000
synthetic_eeg_sample_1379.pt,5000
synthetic_eeg_sample_1215.pt,5000
synthetic_eeg_sample_1012.pt,5000
synthetic_eeg_sample_053.pt,5000
synthetic_eeg_sample_092.pt,5000
synthetic_eeg_sample_197.pt,5000
synthetic_eeg_sample_067.pt,5000
synthetic_eeg_sample_276.pt,5000
synthetic_eeg_sample_1610.pt,5000
synthetic_eeg_sample_002.pt,5000
synthetic_eeg_sample_532.pt,5000
synthetic_eeg_sample_816.pt,5000
synthetic_eeg_sample_1831.pt,5000
synthetic_eeg_sample_003.pt,5000
synthetic_eeg_sample_1935.pt,5000
synthetic_eeg_sample_282.pt,5000
synthetic_eeg_sample_1289.pt,5000
synthetic_eeg_sample_792.pt,5000
synthetic_eeg_sample_1692.pt,5000
synthetic_eeg_sample_166.pt,5000
synthetic_eeg_sample_269.pt,5000
synthetic_eeg_sample_699.pt,5000
synthetic_eeg_sample_1865.pt,5000
synthetic_eeg_sample_1129.pt,5000
synthetic_eeg_sample_1623.pt,5000
synthetic_eeg_sample_355.pt,5000
synthetic_eeg_sample_463.pt,5000
synthetic_eeg_sample_1078.pt,5000
synthetic_eeg_sample_1003.pt,5000
synthetic_eeg_sample_698.pt,5000
synthetic_eeg_sample_669.pt,5000
synthetic_eeg_sample_1770.pt,5000
synthetic_eeg_sample_124.pt,5000
synthetic_eeg_sample_354.pt,5000
synthetic_eeg_sample_1210.pt,5000
synthetic_eeg_sample_068.pt,5000
synthetic_eeg_sample_735.pt,5000
synthetic_eeg_sample_065.pt,5000
synthetic_eeg_sample_1081.pt,5000
synthetic_eeg_sample_294.pt,5000
synthetic_eeg_sample_1050.pt,5000
synthetic_eeg_sample_444.pt,5000
synthetic_eeg_sample_368.pt,5000
synthetic_eeg_sample_316.pt,5000
synthetic_eeg_sample_1525.pt,5000
synthetic_eeg_sample_1264.pt,5000
synthetic_eeg_sample_1644.pt,5000
synthetic_eeg_sample_1352.pt,5000
synthetic_eeg_sample_412.pt,5000
synthetic_eeg_sample_160.pt,5000
synthetic_eeg_sample_134.pt,5000
synthetic_eeg_sample_1228.pt,5000
synthetic_eeg_sample_609.pt,5000
synthetic_eeg_sample_1578.pt,5000
synthetic_eeg_sample_1180.pt,5000
synthetic_eeg_sample_1847.pt,5000
synthetic_eeg_sample_1055.pt,5000
synthetic_eeg_sample_595.pt,5000
synthetic_eeg_sample_834.pt,5000
synthetic_eeg_sample_692.pt,5000
synthetic_eeg_sample_1395.pt,5000
synthetic_eeg_sample_397.pt,5000
synthetic_eeg_sample_417.pt,5000
synthetic_eeg_sample_1885.pt,5000
synthetic_eeg_sample_1500.pt,5000
synthetic_eeg_sample_1213.pt,5000
synthetic_eeg_sample_1426.pt,5000
synthetic_eeg_sample_878.pt,5000
synthetic_eeg_sample_375.pt,5000
synthetic_eeg_sample_1911.pt,5000
synthetic_eeg_sample_1071.pt,5000
synthetic_eeg_sample_1389.pt,5000
synthetic_eeg_sample_1211.pt,5000
synthetic_eeg_sample_479.pt,5000
synthetic_eeg_sample_324.pt,5000
synthetic_eeg_sample_465.pt,5000
synthetic_eeg_sample_1958.pt,5000
synthetic_eeg_sample_1542.pt,5000
synthetic_eeg_sample_1128.pt,5000
synthetic_eeg_sample_886.pt,5000
synthetic_eeg_sample_1019.pt,5000
synthetic_eeg_sample_1412.pt,5000
synthetic_eeg_sample_1590.pt,5000
synthetic_eeg_sample_785.pt,5000
synthetic_eeg_sample_1443.pt,5000
synthetic_eeg_sample_1110.pt,5000
synthetic_eeg_sample_1227.pt,5000
synthetic_eeg_sample_982.pt,5000
synthetic_eeg_sample_1702.pt,5000
synthetic_eeg_sample_1948.pt,5000
synthetic_eeg_sample_730.pt,5000
synthetic_eeg_sample_1080.pt,5000
synthetic_eeg_sample_1871.pt,5000
synthetic_eeg_sample_863.pt,5000
synthetic_eeg_sample_256.pt,5000
synthetic_eeg_sample_051.pt,5000
synthetic_eeg_sample_758.pt,5000
synthetic_eeg_sample_587.pt,5000
synthetic_eeg_sample_1533.pt,5000
synthetic_eeg_sample_1709.pt,5000
synthetic_eeg_sample_1774.pt,5000
synthetic_eeg_sample_1192.pt,5000
synthetic_eeg_sample_1054.pt,5000
synthetic_eeg_sample_873.pt,5000
synthetic_eeg_sample_1159.pt,5000
synthetic_eeg_sample_044.pt,5000
synthetic_eeg_sample_1589.pt,5000
synthetic_eeg_sample_1434.pt,5000
synthetic_eeg_sample_490.pt,5000
synthetic_eeg_sample_115.pt,5000
synthetic_eeg_sample_1670.pt,5000
synthetic_eeg_sample_1949.pt,5000
synthetic_eeg_sample_1818.pt,5000
synthetic_eeg_sample_127.pt,5000
synthetic_eeg_sample_180.pt,5000
synthetic_eeg_sample_1480.pt,5000
synthetic_eeg_sample_325.pt,5000
synthetic_eeg_sample_1492.pt,5000
synthetic_eeg_sample_1449.pt,5000
synthetic_eeg_sample_1714.pt,5000
synthetic_eeg_sample_011.pt,5000
synthetic_eeg_sample_1615.pt,5000
synthetic_eeg_sample_1769.pt,5000
synthetic_eeg_sample_1348.pt,5000
synthetic_eeg_sample_936.pt,5000
synthetic_eeg_sample_1684.pt,5000
synthetic_eeg_sample_099.pt,5000
synthetic_eeg_sample_1068.pt,5000
synthetic_eeg_sample_1763.pt,5000
synthetic_eeg_sample_1683.pt,5000
synthetic_eeg_sample_1609.pt,5000
synthetic_eeg_sample_1806.pt,5000
synthetic_eeg_sample_1186.pt,5000
synthetic_eeg_sample_1208.pt,5000
synthetic_eeg_sample_1827.pt,5000
synthetic_eeg_sample_1505.pt,5000
synthetic_eeg_sample_768.pt,5000
synthetic_eeg_sample_989.pt,5000
synthetic_eeg_sample_1182.pt,5000
synthetic_eeg_sample_931.pt,5000
synthetic_eeg_sample_243.pt,5000
synthetic_eeg_sample_1766.pt,5000
synthetic_eeg_sample_125.pt,5000
synthetic_eeg_sample_340.pt,5000
synthetic_eeg_sample_1504.pt,5000
synthetic_eeg_sample_789.pt,5000
synthetic_eeg_sample_1652.pt,5000
synthetic_eeg_sample_1200.pt,5000
synthetic_eeg_sample_1888.pt,5000
synthetic_eeg_sample_1858.pt,5000
synthetic_eeg_sample_102.pt,5000
synthetic_eeg_sample_1297.pt,5000
synthetic_eeg_sample_204.pt,5000
synthetic_eeg_sample_1713.pt,5000
synthetic_eeg_sample_144.pt,5000
synthetic_eeg_sample_605.pt,5000
synthetic_eeg_sample_1555.pt,5000
synthetic_eeg_sample_827.pt,5000
synthetic_eeg_sample_770.pt,5000
synthetic_eeg_sample_704.pt,5000
synthetic_eeg_sample_1088.pt,5000
synthetic_eeg_sample_151.pt,5000
synthetic_eeg_sample_1047.pt,5000
synthetic_eeg_sample_1321.pt,5000
synthetic_eeg_sample_1005.pt,5000
synthetic_eeg_sample_972.pt,5000
synthetic_eeg_sample_1978.pt,5000
synthetic_eeg_sample_1156.pt,5000
synthetic_eeg_sample_228.pt,5000
synthetic_eeg_sample_659.pt,5000
synthetic_eeg_sample_838.pt,5000
synthetic_eeg_sample_1024.pt,5000
synthetic_eeg_sample_1910.pt,5000
synthetic_eeg_sample_367.pt,5000
synthetic_eeg_sample_824.pt,5000
synthetic_eeg_sample_618.pt,5000
synthetic_eeg_sample_258.pt,5000
synthetic_eeg_sample_1197.pt,5000
synthetic_eeg_sample_191.pt,5000
synthetic_eeg_sample_1795.pt,5000
synthetic_eeg_sample_1700.pt,5000
synthetic_eeg_sample_103.pt,5000
synthetic_eeg_sample_1100.pt,5000
synthetic_eeg_sample_245.pt,5000
synthetic_eeg_sample_1174.pt,5000
synthetic_eeg_sample_720.pt,5000
synthetic_eeg_sample_1220.pt,5000
synthetic_eeg_sample_171.pt,5000
synthetic_eeg_sample_504.pt,5000
synthetic_eeg_sample_526.pt,5000
synthetic_eeg_sample_552.pt,5000
synthetic_eeg_sample_1056.pt,5000
synthetic_eeg_sample_1904.pt,5000
synthetic_eeg_sample_445.pt,5000
synthetic_eeg_sample_1781.pt,5000
synthetic_eeg_sample_431.pt,5000
synthetic_eeg_sample_914.pt,5000
synthetic_eeg_sample_363.pt,5000
synthetic_eeg_sample_653.pt,5000
synthetic_eeg_sample_606.pt,5000
synthetic_eeg_sample_1008.pt,5000
synthetic_eeg_sample_040.pt,5000
synthetic_eeg_sample_1625.pt,5000
synthetic_eeg_sample_070.pt,5000
synthetic_eeg_sample_1198.pt,5000
synthetic_eeg_sample_673.pt,5000
synthetic_eeg_sample_1519.pt,5000
synthetic_eeg_sample_892.pt,5000
synthetic_eeg_sample_1002.pt,5000
synthetic_eeg_sample_032.pt,5000
synthetic_eeg_sample_1059.pt,5000
synthetic_eeg_sample_1650.pt,5000
synthetic_eeg_sample_707.pt,5000
synthetic_eeg_sample_909.pt,5000
synthetic_eeg_sample_237.pt,5000
synthetic_eeg_sample_1091.pt,5000
synthetic_eeg_sample_1493.pt,5000
synthetic_eeg_sample_170.pt,5000
synthetic_eeg_sample_868.pt,5000
synthetic_eeg_sample_793.pt,5000
synthetic_eeg_sample_590.pt,5000
synthetic_eeg_sample_614.pt,5000
synthetic_eeg_sample_441.pt,5000
synthetic_eeg_sample_1070.pt,5000
synthetic_eeg_sample_638.pt,5000
synthetic_eeg_sample_1123.pt,5000
synthetic_eeg_sample_604.pt,5000
synthetic_eeg_sample_763.pt,5000
synthetic_eeg_sample_1371.pt,5000
synthetic_eeg_sample_1258.pt,5000
synthetic_eeg_sample_1853.pt,5000
synthetic_eeg_sample_624.pt,5000
synthetic_eeg_sample_012.pt,5000
synthetic_eeg_sample_1550.pt,5000
synthetic_eeg_sample_736.pt,5000
synthetic_eeg_sample_477.pt,5000
synthetic_eeg_sample_557.pt,5000
synthetic_eeg_sample_183.pt,5000
synthetic_eeg_sample_979.pt,5000
synthetic_eeg_sample_693.pt,5000
synthetic_eeg_sample_351.pt,5000
synthetic_eeg_sample_1808.pt,5000
synthetic_eeg_sample_1797.pt,5000
synthetic_eeg_sample_454.pt,5000
synthetic_eeg_sample_1671.pt,5000
synthetic_eeg_sample_585.pt,5000
synthetic_eeg_sample_752.pt,5000
synthetic_eeg_sample_867.pt,5000
synthetic_eeg_sample_714.pt,5000
synthetic_eeg_sample_646.pt,5000
synthetic_eeg_sample_710.pt,5000
synthetic_eeg_sample_762.pt,5000
synthetic_eeg_sample_295.pt,5000
synthetic_eeg_sample_447.pt,5000
synthetic_eeg_sample_517.pt,5000
synthetic_eeg_sample_946.pt,5000
synthetic_eeg_sample_1328.pt,5000
synthetic_eeg_sample_459.pt,5000
synthetic_eeg_sample_1613.pt,5000
synthetic_eeg_sample_1883.pt,5000
synthetic_eeg_sample_394.pt,5000
synthetic_eeg_sample_138.pt,5000
synthetic_eeg_sample_744.pt,5000
synthetic_eeg_sample_1706.pt,5000
synthetic_eeg_sample_1917.pt,5000
synthetic_eeg_sample_1120.pt,5000
synthetic_eeg_sample_1048.pt,5000
synthetic_eeg_sample_1695.pt,5000
synthetic_eeg_sample_409.pt,5000
synthetic_eeg_sample_990.pt,5000
synthetic_eeg_sample_1513.pt,5000
synthetic_eeg_sample_611.pt,5000
synthetic_eeg_sample_1178.pt,5000
synthetic_eeg_sample_064.pt,5000
synthetic_eeg_sample_158.pt,5000
synthetic_eeg_sample_1639.pt,5000
synthetic_eeg_sample_1932.pt,5000
synthetic_eeg_sample_1737.pt,5000
synthetic_eeg_sample_1705.pt,5000
synthetic_eeg_sample_114.pt,5000
synthetic_eeg_sample_1138.pt,5000
synthetic_eeg_sample_074.pt,5000
synthetic_eeg_sample_1914.pt,5000
synthetic_eeg_sample_1521.pt,5000
synthetic_eeg_sample_302.pt,5000
synthetic_eeg_sample_100.pt,5000
synthetic_eeg_sample_1490.pt,5000
synthetic_eeg_sample_569.pt,5000
synthetic_eeg_sample_1740.pt,5000
synthetic_eeg_sample_1570.pt,5000
synthetic_eeg_sample_059.pt,5000
synthetic_eeg_sample_361.pt,5000
synthetic_eeg_sample_1233.pt,5000
synthetic_eeg_sample_1835.pt,5000
synthetic_eeg_sample_365.pt,5000
synthetic_eeg_sample_1396.pt,5000
synthetic_eeg_sample_451.pt,5000
synthetic_eeg_sample_1882.pt,5000
synthetic_eeg_sample_1179.pt,5000
synthetic_eeg_sample_812.pt,5000
synthetic_eeg_sample_1779.pt,5000
synthetic_eeg_sample_289.pt,5000
synthetic_eeg_sample_556.pt,5000
synthetic_eeg_sample_131.pt,5000
synthetic_eeg_sample_1410.pt,5000
synthetic_eeg_sample_1777.pt,5000
synthetic_eeg_sample_1994.pt,5000
synthetic_eeg_sample_056.pt,5000
synthetic_eeg_sample_625.pt,5000
synthetic_eeg_sample_1754.pt,5000
synthetic_eeg_sample_722.pt,5000
synthetic_eeg_sample_283.pt,5000
synthetic_eeg_sample_858.pt,5000
synthetic_eeg_sample_404.pt,5000
synthetic_eeg_sample_468.pt,5000
synthetic_eeg_sample_1532.pt,5000
synthetic_eeg_sample_1982.pt,5000
synthetic_eeg_sample_035.pt,5000
synthetic_eeg_sample_848.pt,5000
synthetic_eeg_sample_1317.pt,5000
synthetic_eeg_sample_1943.pt,5000
synthetic_eeg_sample_1440.pt,5000
synthetic_eeg_sample_107.pt,5000
synthetic_eeg_sample_1653.pt,5000
synthetic_eeg_sample_284.pt,5000
synthetic_eeg_sample_285.pt,5000
synthetic_eeg_sample_1455.pt,5000
synthetic_eeg_sample_1283.pt,5000
synthetic_eeg_sample_660.pt,5000
synthetic_eeg_sample_1811.pt,5000
synthetic_eeg_sample_1902.pt,5000
synthetic_eeg_sample_141.pt,5000
synthetic_eeg_sample_331.pt,5000
synthetic_eeg_sample_1153.pt,5000
synthetic_eeg_sample_1172.pt,5000
synthetic_eeg_sample_1275.pt,5000
synthetic_eeg_sample_1277.pt,5000
synthetic_eeg_sample_453.pt,5000
synthetic_eeg_sample_1314.pt,5000
synthetic_eeg_sample_559.pt,5000
synthetic_eeg_sample_1569.pt,5000
synthetic_eeg_sample_558.pt,5000
synthetic_eeg_sample_753.pt,5000
synthetic_eeg_sample_223.pt,5000
synthetic_eeg_sample_1626.pt,5000
synthetic_eeg_sample_708.pt,5000
synthetic_eeg_sample_362.pt,5000
synthetic_eeg_sample_1499.pt,5000
synthetic_eeg_sample_1704.pt,5000
synthetic_eeg_sample_098.pt,5000
synthetic_eeg_sample_1999.pt,5000
synthetic_eeg_sample_967.pt,5000
synthetic_eeg_sample_1453.pt,5000
synthetic_eeg_sample_941.pt,5000
synthetic_eeg_sample_252.pt,5000
synthetic_eeg_sample_136.pt,5000
synthetic_eeg_sample_1742.pt,5000
synthetic_eeg_sample_1452.pt,5000
synthetic_eeg_sample_564.pt,5000
synthetic_eeg_sample_434.pt,5000
synthetic_eeg_sample_084.pt,5000
synthetic_eeg_sample_667.pt,5000
synthetic_eeg_sample_1259.pt,5000
synthetic_eeg_sample_1357.pt,5000
synthetic_eeg_sample_259.pt,5000
synthetic_eeg_sample_290.pt,5000
synthetic_eeg_sample_1099.pt,5000
synthetic_eeg_sample_1095.pt,5000
synthetic_eeg_sample_117.pt,5000
synthetic_eeg_sample_1960.pt,5000
synthetic_eeg_sample_1429.pt,5000
synthetic_eeg_sample_391.pt,5000
synthetic_eeg_sample_1257.pt,5000
synthetic_eeg_sample_1266.pt,5000
synthetic_eeg_sample_1807.pt,5000
synthetic_eeg_sample_1016.pt,5000
synthetic_eeg_sample_750.pt,5000
synthetic_eeg_sample_050.pt,5000
synthetic_eeg_sample_974.pt,5000
synthetic_eeg_sample_718.pt,5000
synthetic_eeg_sample_1353.pt,5000
synthetic_eeg_sample_406.pt,5000
synthetic_eeg_sample_1860.pt,5000
synthetic_eeg_sample_715.pt,5000
synthetic_eeg_sample_538.pt,5000
synthetic_eeg_sample_303.pt,5000
synthetic_eeg_sample_1168.pt,5000
synthetic_eeg_sample_1790.pt,5000
synthetic_eeg_sample_184.pt,5000
synthetic_eeg_sample_374.pt,5000
synthetic_eeg_sample_864.pt,5000
synthetic_eeg_sample_090.pt,5000
synthetic_eeg_sample_1552.pt,5000
synthetic_eeg_sample_987.pt,5000
synthetic_eeg_sample_1690.pt,5000
synthetic_eeg_sample_500.pt,5000
synthetic_eeg_sample_1326.pt,5000
synthetic_eeg_sample_603.pt,5000
synthetic_eeg_sample_188.pt,5000
synthetic_eeg_sample_691.pt,5000
synthetic_eeg_sample_1576.pt,5000
synthetic_eeg_sample_976.pt,5000
synthetic_eeg_sample_1367.pt,5000
synthetic_eeg_sample_1772.pt,5000
synthetic_eeg_sample_1334.pt,5000
synthetic_eeg_sample_293.pt,5000
synthetic_eeg_sample_1164.pt,5000
synthetic_eeg_sample_1256.pt,5000
synthetic_eeg_sample_854.pt,5000
synthetic_eeg_sample_263.pt,5000
synthetic_eeg_sample_566.pt,5000
synthetic_eeg_sample_225.pt,5000
synthetic_eeg_sample_1993.pt,5000
synthetic_eeg_sample_1422.pt,5000
synthetic_eeg_sample_1471.pt,5000
synthetic_eeg_sample_357.pt,5000
synthetic_eeg_sample_713.pt,5000
synthetic_eeg_sample_1747.pt,5000
synthetic_eeg_sample_214.pt,5000
synthetic_eeg_sample_1145.pt,5000
synthetic_eeg_sample_1431.pt,5000
synthetic_eeg_sample_1824.pt,5000
synthetic_eeg_sample_476.pt,5000
synthetic_eeg_sample_1263.pt,5000
synthetic_eeg_sample_869.pt,5000
synthetic_eeg_sample_964.pt,5000
synthetic_eeg_sample_1898.pt,5000
synthetic_eeg_sample_801.pt,5000
synthetic_eeg_sample_212.pt,5000
synthetic_eeg_sample_1523.pt,5000
synthetic_eeg_sample_1892.pt,5000
synthetic_eeg_sample_675.pt,5000
synthetic_eeg_sample_1586.pt,5000
synthetic_eeg_sample_893.pt,5000
synthetic_eeg_sample_222.pt,5000
synthetic_eeg_sample_1339.pt,5000
synthetic_eeg_sample_1082.pt,5000
synthetic_eeg_sample_1659.pt,5000
synthetic_eeg_sample_193.pt,5000
synthetic_eeg_sample_1843.pt,5000
synthetic_eeg_sample_796.pt,5000
synthetic_eeg_sample_674.pt,5000
synthetic_eeg_sample_1139.pt,5000
synthetic_eeg_sample_1144.pt,5000
synthetic_eeg_sample_1616.pt,5000
synthetic_eeg_sample_1083.pt,5000
synthetic_eeg_sample_296.pt,5000
synthetic_eeg_sample_777.pt,5000
synthetic_eeg_sample_236.pt,5000
synthetic_eeg_sample_1870.pt,5000
synthetic_eeg_sample_621.pt,5000
synthetic_eeg_sample_1401.pt,5000
synthetic_eeg_sample_036.pt,5000
synthetic_eeg_sample_743.pt,5000
synthetic_eeg_sample_063.pt,5000
synthetic_eeg_sample_1516.pt,5000
synthetic_eeg_sample_1135.pt,5000
synthetic_eeg_sample_489.pt,5000
synthetic_eeg_sample_1108.pt,5000
synthetic_eeg_sample_1545.pt,5000
synthetic_eeg_sample_189.pt,5000
synthetic_eeg_sample_1924.pt,5000
synthetic_eeg_sample_1592.pt,5000
synthetic_eeg_sample_1248.pt,5000
synthetic_eeg_sample_898.pt,5000
synthetic_eeg_sample_1712.pt,5000
synthetic_eeg_sample_1020.pt,5000
synthetic_eeg_sample_1787.pt,5000
synthetic_eeg_sample_1561.pt,5000
synthetic_eeg_sample_1788.pt,5000
synthetic_eeg_sample_123.pt,5000
synthetic_eeg_sample_1768.pt,5000
synthetic_eeg_sample_200.pt,5000
synthetic_eeg_sample_135.pt,5000
synthetic_eeg_sample_1262.pt,5000
synthetic_eeg_sample_528.pt,5000
synthetic_eeg_sample_1874.pt,5000
synthetic_eeg_sample_010.pt,5000
synthetic_eeg_sample_1199.pt,5000
synthetic_eeg_sample_229.pt,5000
synthetic_eeg_sample_1478.pt,5000
synthetic_eeg_sample_1596.pt,5000
synthetic_eeg_sample_531.pt,5000
synthetic_eeg_sample_334.pt,5000
synthetic_eeg_sample_985.pt,5000
synthetic_eeg_sample_1697.pt,5000
synthetic_eeg_sample_1534.pt,5000
synthetic_eeg_sample_859.pt,5000
synthetic_eeg_sample_286.pt,5000
synthetic_eeg_sample_021.pt,5000
synthetic_eeg_sample_306.pt,5000
synthetic_eeg_sample_411.pt,5000
synthetic_eeg_sample_1979.pt,5000
synthetic_eeg_sample_1980.pt,5000
synthetic_eeg_sample_821.pt,5000
synthetic_eeg_sample_1618.pt,5000
synthetic_eeg_sample_1947.pt,5000
synthetic_eeg_sample_695.pt,5000
synthetic_eeg_sample_912.pt,5000
synthetic_eeg_sample_1541.pt,5000
synthetic_eeg_sample_1825.pt,5000
synthetic_eeg_sample_1601.pt,5000
synthetic_eeg_sample_1509.pt,5000
synthetic_eeg_sample_1124.pt,5000
synthetic_eeg_sample_389.pt,5000
synthetic_eeg_sample_1025.pt,5000
synthetic_eeg_sample_333.pt,5000
synthetic_eeg_sample_1654.pt,5000
synthetic_eeg_sample_1717.pt,5000
synthetic_eeg_sample_172.pt,5000
synthetic_eeg_sample_939.pt,5000
synthetic_eeg_sample_1572.pt,5000
synthetic_eeg_sample_1439.pt,5000
synthetic_eeg_sample_759.pt,5000
synthetic_eeg_sample_1686.pt,5000
synthetic_eeg_sample_163.pt,5000
synthetic_eeg_sample_1814.pt,5000
synthetic_eeg_sample_279.pt,5000
synthetic_eeg_sample_1244.pt,5000
synthetic_eeg_sample_888.pt,5000
synthetic_eeg_sample_1927.pt,5000
synthetic_eeg_sample_1677.pt,5000
synthetic_eeg_sample_1065.pt,5000
synthetic_eeg_sample_000.pt,5000
synthetic_eeg_sample_1495.pt,5000
synthetic_eeg_sample_1167.pt,5000
synthetic_eeg_sample_1219.pt,5000
synthetic_eeg_sample_997.pt,5000
synthetic_eeg_sample_1773.pt,5000
synthetic_eeg_sample_491.pt,5000
synthetic_eeg_sample_784.pt,5000
synthetic_eeg_sample_380.pt,5000
synthetic_eeg_sample_1577.pt,5000
synthetic_eeg_sample_1660.pt,5000
synthetic_eeg_sample_260.pt,5000
synthetic_eeg_sample_1096.pt,5000
synthetic_eeg_sample_703.pt,5000
synthetic_eeg_sample_581.pt,5000
synthetic_eeg_sample_1805.pt,5000
synthetic_eeg_sample_1939.pt,5000
synthetic_eeg_sample_248.pt,5000
synthetic_eeg_sample_1900.pt,5000
synthetic_eeg_sample_1528.pt,5000
synthetic_eeg_sample_645.pt,5000
synthetic_eeg_sample_1125.pt,5000
synthetic_eeg_sample_1701.pt,5000
synthetic_eeg_sample_242.pt,5000
synthetic_eeg_sample_1311.pt,5000
synthetic_eeg_sample_919.pt,5000
synthetic_eeg_sample_1784.pt,5000
synthetic_eeg_sample_305.pt,5000
synthetic_eeg_sample_1920.pt,5000
synthetic_eeg_sample_091.pt,5000
synthetic_eeg_sample_267.pt,5000
synthetic_eeg_sample_471.pt,5000
synthetic_eeg_sample_705.pt,5000
synthetic_eeg_sample_313.pt,5000
synthetic_eeg_sample_1548.pt,5000
synthetic_eeg_sample_636.pt,5000
synthetic_eeg_sample_781.pt,5000
synthetic_eeg_sample_688.pt,5000
synthetic_eeg_sample_232.pt,5000
synthetic_eeg_sample_1327.pt,5000
synthetic_eeg_sample_1260.pt,5000
synthetic_eeg_sample_1010.pt,5000
synthetic_eeg_sample_1075.pt,5000
synthetic_eeg_sample_1875.pt,5000
synthetic_eeg_sample_1279.pt,5000
synthetic_eeg_sample_1393.pt,5000
synthetic_eeg_sample_1691.pt,5000
synthetic_eeg_sample_1028.pt,5000
synthetic_eeg_sample_1296.pt,5000
synthetic_eeg_sample_726.pt,5000
synthetic_eeg_sample_1991.pt,5000
synthetic_eeg_sample_1785.pt,5000
synthetic_eeg_sample_971.pt,5000
synthetic_eeg_sample_335.pt,5000
synthetic_eeg_sample_1242.pt,5000
synthetic_eeg_sample_772.pt,5000
synthetic_eeg_sample_1512.pt,5000
synthetic_eeg_sample_1646.pt,5000
synthetic_eeg_sample_1977.pt,5000
synthetic_eeg_sample_442.pt,5000
synthetic_eeg_sample_241.pt,5000
synthetic_eeg_sample_1565.pt,5000
synthetic_eeg_sample_1909.pt,5000
synthetic_eeg_sample_1340.pt,5000
synthetic_eeg_sample_986.pt,5000
synthetic_eeg_sample_1097.pt,5000
synthetic_eeg_sample_030.pt,5000
synthetic_eeg_sample_443.pt,5000
synthetic_eeg_sample_061.pt,5000
synthetic_eeg_sample_995.pt,5000
synthetic_eeg_sample_1729.pt,5000
synthetic_eeg_sample_593.pt,5000
synthetic_eeg_sample_612.pt,5000
synthetic_eeg_sample_1873.pt,5000
synthetic_eeg_sample_1780.pt,5000
synthetic_eeg_sample_1245.pt,5000
synthetic_eeg_sample_167.pt,5000
synthetic_eeg_sample_1734.pt,5000
synthetic_eeg_sample_1566.pt,5000
synthetic_eeg_sample_1420.pt,5000
synthetic_eeg_sample_1101.pt,5000
synthetic_eeg_sample_920.pt,5000
synthetic_eeg_sample_1031.pt,5000
synthetic_eeg_sample_1867.pt,5000
synthetic_eeg_sample_213.pt,5000
synthetic_eeg_sample_608.pt,5000
synthetic_eeg_sample_1254.pt,5000
synthetic_eeg_sample_850.pt,5000
synthetic_eeg_sample_592.pt,5000
synthetic_eeg_sample_1517.pt,5000
synthetic_eeg_sample_428.pt,5000
synthetic_eeg_sample_217.pt,5000
synthetic_eeg_sample_1141.pt,5000
synthetic_eeg_sample_1300.pt,5000
synthetic_eeg_sample_1425.pt,5000
synthetic_eeg_sample_202.pt,5000
synthetic_eeg_sample_1302.pt,5000
synthetic_eeg_sample_1581.pt,5000
synthetic_eeg_sample_1232.pt,5000
synthetic_eeg_sample_1306.pt,5000
synthetic_eeg_sample_655.pt,5000
synthetic_eeg_sample_196.pt,5000
synthetic_eeg_sample_889.pt,5000
synthetic_eeg_sample_810.pt,5000
synthetic_eeg_sample_1905.pt,5000
synthetic_eeg_sample_1158.pt,5000
synthetic_eeg_sample_1963.pt,5000
synthetic_eeg_sample_661.pt,5000
synthetic_eeg_sample_1556.pt,5000
synthetic_eeg_sample_803.pt,5000
synthetic_eeg_sample_1187.pt,5000
synthetic_eeg_sample_405.pt,5000
synthetic_eeg_sample_656.pt,5000
synthetic_eeg_sample_359.pt,5000
synthetic_eeg_sample_862.pt,5000
synthetic_eeg_sample_1419.pt,5000
synthetic_eeg_sample_514.pt,5000
synthetic_eeg_sample_1073.pt,5000
synthetic_eeg_sample_755.pt,5000
synthetic_eeg_sample_1579.pt,5000
synthetic_eeg_sample_020.pt,5000
synthetic_eeg_sample_080.pt,5000
synthetic_eeg_sample_817.pt,5000
synthetic_eeg_sample_1531.pt,5000
synthetic_eeg_sample_043.pt,5000
synthetic_eeg_sample_571.pt,5000
synthetic_eeg_sample_262.pt,5000
synthetic_eeg_sample_1104.pt,5000
synthetic_eeg_sample_1447.pt,5000
synthetic_eeg_sample_1432.pt,5000
synthetic_eeg_sample_782.pt,5000
synthetic_eeg_sample_1335.pt,5000
synthetic_eeg_sample_1271.pt,5000
synthetic_eeg_sample_073.pt,5000
synthetic_eeg_sample_1562.pt,5000
synthetic_eeg_sample_756.pt,5000
synthetic_eeg_sample_1195.pt,5000
synthetic_eeg_sample_300.pt,5000
synthetic_eeg_sample_1862.pt,5000
synthetic_eeg_sample_1969.pt,5000
synthetic_eeg_sample_346.pt,5000
synthetic_eeg_sample_392.pt,5000
synthetic_eeg_sample_494.pt,5000
synthetic_eeg_sample_1249.pt,5000
synthetic_eeg_sample_1346.pt,5000
synthetic_eeg_sample_1411.pt,5000
synthetic_eeg_sample_1482.pt,5000
synthetic_eeg_sample_1724.pt,5000
synthetic_eeg_sample_192.pt,5000
synthetic_eeg_sample_139.pt,5000
synthetic_eeg_sample_1398.pt,5000
synthetic_eeg_sample_1699.pt,5000
synthetic_eeg_sample_1950.pt,5000
synthetic_eeg_sample_1323.pt,5000
synthetic_eeg_sample_298.pt,5000
synthetic_eeg_sample_1315.pt,5000
synthetic_eeg_sample_737.pt,5000
synthetic_eeg_sample_547.pt,5000
synthetic_eeg_sample_1397.pt,5000
synthetic_eeg_sample_1876.pt,5000
synthetic_eeg_sample_861.pt,5000
synthetic_eeg_sample_1368.pt,5000
synthetic_eeg_sample_1600.pt,5000
synthetic_eeg_sample_201.pt,5000
synthetic_eeg_sample_1527.pt,5000
synthetic_eeg_sample_1276.pt,5000
synthetic_eeg_sample_851.pt,5000
synthetic_eeg_sample_748.pt,5000
synthetic_eeg_sample_433.pt,5000
synthetic_eeg_sample_1970.pt,5000
synthetic_eeg_sample_544.pt,5000
synthetic_eeg_sample_1185.pt,5000
synthetic_eeg_sample_1619.pt,5000
synthetic_eeg_sample_955.pt,5000
synthetic_eeg_sample_081.pt,5000
synthetic_eeg_sample_484.pt,5000
synthetic_eeg_sample_1295.pt,5000
synthetic_eeg_sample_1160.pt,5000
synthetic_eeg_sample_155.pt,5000
synthetic_eeg_sample_1485.pt,5000
synthetic_eeg_sample_1776.pt,5000
synthetic_eeg_sample_1273.pt,5000
synthetic_eeg_sample_575.pt,5000
synthetic_eeg_sample_109.pt,5000
synthetic_eeg_sample_1840.pt,5000
synthetic_eeg_sample_910.pt,5000
synthetic_eeg_sample_322.pt,5000
synthetic_eeg_sample_1011.pt,5000
synthetic_eeg_sample_1385.pt,5000
synthetic_eeg_sample_582.pt,5000
synthetic_eeg_sample_1657.pt,5000
synthetic_eeg_sample_239.pt,5000
synthetic_eeg_sample_161.pt,5000
synthetic_eeg_sample_635.pt,5000
synthetic_eeg_sample_1710.pt,5000
synthetic_eeg_sample_780.pt,5000
synthetic_eeg_sample_513.pt,5000
synthetic_eeg_sample_1540.pt,5000
synthetic_eeg_sample_095.pt,5000
synthetic_eeg_sample_015.pt,5000
synthetic_eeg_sample_1190.pt,5000
synthetic_eeg_sample_598.pt,5000
synthetic_eeg_sample_1350.pt,5000
synthetic_eeg_sample_1515.pt,5000
synthetic_eeg_sample_950.pt,5000
synthetic_eeg_sample_1237.pt,5000
synthetic_eeg_sample_1846.pt,5000
synthetic_eeg_sample_1821.pt,5000
synthetic_eeg_sample_1014.pt,5000
synthetic_eeg_sample_1001.pt,5000
synthetic_eeg_sample_1752.pt,5000
synthetic_eeg_sample_1828.pt,5000
synthetic_eeg_sample_1092.pt,5000
synthetic_eeg_sample_928.pt,5000
synthetic_eeg_sample_220.pt,5000
synthetic_eeg_sample_924.pt,5000
synthetic_eeg_sample_1365.pt,5000
synthetic_eeg_sample_399.pt,5000
synthetic_eeg_sample_1820.pt,5000
synthetic_eeg_sample_739.pt,5000
synthetic_eeg_sample_1698.pt,5000
synthetic_eeg_sample_1864.pt,5000
synthetic_eeg_sample_1387.pt,5000
synthetic_eeg_sample_733.pt,5000
synthetic_eeg_sample_1191.pt,5000
synthetic_eeg_sample_1464.pt,5000
synthetic_eeg_sample_1567.pt,5000
synthetic_eeg_sample_1392.pt,5000
synthetic_eeg_sample_218.pt,5000
synthetic_eeg_sample_1642.pt,5000
synthetic_eeg_sample_179.pt,5000
synthetic_eeg_sample_449.pt,5000
synthetic_eeg_sample_1320.pt,5000
synthetic_eeg_sample_1402.pt,5000
synthetic_eeg_sample_883.pt,5000
synthetic_eeg_sample_1489.pt,5000
synthetic_eeg_sample_1842.pt,5000
synthetic_eeg_sample_628.pt,5000
synthetic_eeg_sample_872.pt,5000
synthetic_eeg_sample_1877.pt,5000
synthetic_eeg_sample_1637.pt,5000
synthetic_eeg_sample_1251.pt,5000
synthetic_eeg_sample_1066.pt,5000
synthetic_eeg_sample_146.pt,5000
synthetic_eeg_sample_1481.pt,5000
synthetic_eeg_sample_1913.pt,5000
synthetic_eeg_sample_760.pt,5000
synthetic_eeg_sample_945.pt,5000
synthetic_eeg_sample_312.pt,5000
synthetic_eeg_sample_1322.pt,5000
synthetic_eeg_sample_966.pt,5000
synthetic_eeg_sample_1798.pt,5000
synthetic_eeg_sample_413.pt,5000
synthetic_eeg_sample_1941.pt,5000
synthetic_eeg_sample_153.pt,5000
synthetic_eeg_sample_584.pt,5000
synthetic_eeg_sample_1236.pt,5000
synthetic_eeg_sample_835.pt,5000
synthetic_eeg_sample_1285.pt,5000
synthetic_eeg_sample_1869.pt,5000
synthetic_eeg_sample_425.pt,5000
synthetic_eeg_sample_502.pt,5000
synthetic_eeg_sample_1764.pt,5000
synthetic_eeg_sample_1467.pt,5000
synthetic_eeg_sample_304.pt,5000
synthetic_eeg_sample_1107.pt,5000
synthetic_eeg_sample_522.pt,5000
synthetic_eeg_sample_1361.pt,5000
synthetic_eeg_sample_111.pt,5000
synthetic_eeg_sample_178.pt,5000
synthetic_eeg_sample_1476.pt,5000
synthetic_eeg_sample_747.pt,5000
synthetic_eeg_sample_983.pt,5000
synthetic_eeg_sample_1436.pt,5000
synthetic_eeg_sample_1238.pt,5000
synthetic_eeg_sample_1466.pt,5000
synthetic_eeg_sample_460.pt,5000
synthetic_eeg_sample_1052.pt,5000
synthetic_eeg_sample_1536.pt,5000
synthetic_eeg_sample_822.pt,5000
synthetic_eeg_sample_881.pt,5000
synthetic_eeg_sample_1382.pt,5000
synthetic_eeg_sample_844.pt,5000
synthetic_eeg_sample_026.pt,5000
synthetic_eeg_sample_1672.pt,5000
synthetic_eeg_sample_819.pt,5000
synthetic_eeg_sample_457.pt,5000
synthetic_eeg_sample_1307.pt,5000
synthetic_eeg_sample_1894.pt,5000
synthetic_eeg_sample_891.pt,5000
synthetic_eeg_sample_1364.pt,5000
synthetic_eeg_sample_1408.pt,5000
synthetic_eeg_sample_805.pt,5000
synthetic_eeg_sample_069.pt,5000
synthetic_eeg_sample_565.pt,5000
synthetic_eeg_sample_993.pt,5000
synthetic_eeg_sample_234.pt,5000
synthetic_eeg_sample_1290.pt,5000
synthetic_eeg_sample_1503.pt,5000
synthetic_eeg_sample_725.pt,5000
synthetic_eeg_sample_393.pt,5000
synthetic_eeg_sample_345.pt,5000
synthetic_eeg_sample_1972.pt,5000
synthetic_eeg_sample_1918.pt,5000
synthetic_eeg_sample_1169.pt,5000
synthetic_eeg_sample_900.pt,5000
synthetic_eeg_sample_643.pt,5000
synthetic_eeg_sample_601.pt,5000
synthetic_eeg_sample_1496.pt,5000
synthetic_eeg_sample_376.pt,5000
synthetic_eeg_sample_1641.pt,5000
synthetic_eeg_sample_1612.pt,5000
synthetic_eeg_sample_427.pt,5000
synthetic_eeg_sample_1063.pt,5000
synthetic_eeg_sample_1745.pt,5000
synthetic_eeg_sample_729.pt,5000
synthetic_eeg_sample_1649.pt,5000
synthetic_eeg_sample_849.pt,5000
synthetic_eeg_sample_788.pt,5000
synthetic_eeg_sample_029.pt,5000
synthetic_eeg_sample_839.pt,5000
synthetic_eeg_sample_1974.pt,5000
synthetic_eeg_sample_807.pt,5000
synthetic_eeg_sample_871.pt,5000
synthetic_eeg_sample_1663.pt,5000
synthetic_eeg_sample_602.pt,5000
synthetic_eeg_sample_1399.pt,5000
synthetic_eeg_sample_1746.pt,5000
synthetic_eeg_sample_1800.pt,5000
synthetic_eeg_sample_573.pt,5000
synthetic_eeg_sample_1253.pt,5000
synthetic_eeg_sample_773.pt,5000
synthetic_eeg_sample_685.pt,5000
synthetic_eeg_sample_373.pt,5000
synthetic_eeg_sample_1799.pt,5000
synthetic_eeg_sample_765.pt,5000
synthetic_eeg_sample_233.pt,5000
synthetic_eeg_sample_1995.pt,5000
synthetic_eeg_sample_933.pt,5000
synthetic_eeg_sample_1539.pt,5000
synthetic_eeg_sample_1587.pt,5000
synthetic_eeg_sample_1661.pt,5000
synthetic_eeg_sample_244.pt,5000
synthetic_eeg_sample_1093.pt,5000
synthetic_eeg_sample_1944.pt,5000
synthetic_eeg_sample_1666.pt,5000
synthetic_eeg_sample_1451.pt,5000
synthetic_eeg_sample_1893.pt,5000
synthetic_eeg_sample_1849.pt,5000
synthetic_eeg_sample_1424.pt,5000
synthetic_eeg_sample_1072.pt,5000
synthetic_eeg_sample_1664.pt,5000
synthetic_eeg_sample_1850.pt,5000
synthetic_eeg_sample_506.pt,5000
synthetic_eeg_sample_1575.pt,5000
synthetic_eeg_sample_1880.pt,5000
synthetic_eeg_sample_396.pt,5000
synthetic_eeg_sample_524.pt,5000
synthetic_eeg_sample_042.pt,5000
synthetic_eeg_sample_1000.pt,5000
synthetic_eeg_sample_1203.pt,5000
synthetic_eeg_sample_1720.pt,5000
synthetic_eeg_sample_094.pt,5000
synthetic_eeg_sample_1992.pt,5000
synthetic_eeg_sample_1029.pt,5000
synthetic_eeg_sample_1239.pt,5000
synthetic_eeg_sample_837.pt,5000
synthetic_eeg_sample_462.pt,5000
synthetic_eeg_sample_902.pt,5000
synthetic_eeg_sample_203.pt,5000
synthetic_eeg_sample_671.pt,5000
synthetic_eeg_sample_1231.pt,5000
synthetic_eeg_sample_1791.pt,5000
synthetic_eeg_sample_1984.pt,5000
synthetic_eeg_sample_474.pt,5000
synthetic_eeg_sample_615.pt,5000
synthetic_eeg_sample_240.pt,5000
synthetic_eeg_sample_1926.pt,5000
synthetic_eeg_sample_1667.pt,5000
synthetic_eeg_sample_1388.pt,5000
synthetic_eeg_sample_1889.pt,5000
synthetic_eeg_sample_1152.pt,5000
synthetic_eeg_sample_326.pt,5000
synthetic_eeg_sample_113.pt,5000
synthetic_eeg_sample_1033.pt,5000
synthetic_eeg_sample_1143.pt,5000
synthetic_eeg_sample_1304.pt,5000
synthetic_eeg_sample_1374.pt,5000
synthetic_eeg_sample_1681.pt,5000
synthetic_eeg_sample_435.pt,5000
synthetic_eeg_sample_1863.pt,5000
synthetic_eeg_sample_1175.pt,5000
synthetic_eeg_sample_809.pt,5000
synthetic_eeg_sample_187.pt,5000
synthetic_eeg_sample_1895.pt,5000
synthetic_eeg_sample_815.pt,5000
synthetic_eeg_sample_1859.pt,5000
synthetic_eeg_sample_1682.pt,5000
synthetic_eeg_sample_534.pt,5000
synthetic_eeg_sample_1225.pt,5000
synthetic_eeg_sample_1362.pt,5000
synthetic_eeg_sample_390.pt,5000
synthetic_eeg_sample_761.pt,5000
synthetic_eeg_sample_535.pt,5000
synthetic_eeg_sample_106.pt,5000
synthetic_eeg_sample_1344.pt,5000
synthetic_eeg_sample_779.pt,5000
synthetic_eeg_sample_906.pt,5000
synthetic_eeg_sample_1359.pt,5000
synthetic_eeg_sample_082.pt,5000
synthetic_eeg_sample_1477.pt,5000
synthetic_eeg_sample_1844.pt,5000
synthetic_eeg_sample_1560.pt,5000
synthetic_eeg_sample_1341.pt,5000
synthetic_eeg_sample_072.pt,5000
synthetic_eeg_sample_836.pt,5000
synthetic_eeg_sample_1687.pt,5000
synthetic_eeg_sample_855.pt,5000
synthetic_eeg_sample_499.pt,5000
synthetic_eeg_sample_507.pt,5000
synthetic_eeg_sample_687.pt,5000
synthetic_eeg_sample_1804.pt,5000
synthetic_eeg_sample_830.pt,5000
synthetic_eeg_sample_808.pt,5000
synthetic_eeg_sample_199.pt,5000
synthetic_eeg_sample_1574.pt,5000
synthetic_eeg_sample_311.pt,5000
synthetic_eeg_sample_1087.pt,5000
synthetic_eeg_sample_1094.pt,5000
synthetic_eeg_sample_1934.pt,5000
synthetic_eeg_sample_1897.pt,5000
synthetic_eeg_sample_1281.pt,5000
synthetic_eeg_sample_1896.pt,5000
synthetic_eeg_sample_1987.pt,5000
synthetic_eeg_sample_723.pt,5000
synthetic_eeg_sample_1573.pt,5000
synthetic_eeg_sample_1925.pt,5000
synthetic_eeg_sample_991.pt,5000
synthetic_eeg_sample_299.pt,5000
synthetic_eeg_sample_255.pt,5000
synthetic_eeg_sample_478.pt,5000
synthetic_eeg_sample_904.pt,5000
synthetic_eeg_sample_672.pt,5000
synthetic_eeg_sample_767.pt,5000
synthetic_eeg_sample_086.pt,5000
synthetic_eeg_sample_308.pt,5000
synthetic_eeg_sample_940.pt,5000
synthetic_eeg_sample_348.pt,5000
synthetic_eeg_sample_1284.pt,5000
synthetic_eeg_sample_1662.pt,5000
synthetic_eeg_sample_157.pt,5000
synthetic_eeg_sample_1184.pt,5000
synthetic_eeg_sample_1114.pt,5000
synthetic_eeg_sample_1794.pt,5000
synthetic_eeg_sample_1084.pt,5000
synthetic_eeg_sample_1448.pt,5000
synthetic_eeg_sample_1015.pt,5000
synthetic_eeg_sample_150.pt,5000
synthetic_eeg_sample_1558.pt,5000
synthetic_eeg_sample_096.pt,5000
synthetic_eeg_sample_884.pt,5000
synthetic_eeg_sample_1815.pt,5000
synthetic_eeg_sample_1308.pt,5000
synthetic_eeg_sample_648.pt,5000
synthetic_eeg_sample_880.pt,5000
synthetic_eeg_sample_1369.pt,5000
synthetic_eeg_sample_1598.pt,5000
synthetic_eeg_sample_1067.pt,5000
synthetic_eeg_sample_988.pt,5000
synthetic_eeg_sample_1544.pt,5000
synthetic_eeg_sample_629.pt,5000
synthetic_eeg_sample_350.pt,5000
synthetic_eeg_sample_438.pt,5000
synthetic_eeg_sample_918.pt,5000
synthetic_eeg_sample_1968.pt,5000
synthetic_eeg_sample_497.pt,5000
synthetic_eeg_sample_169.pt,5000
synthetic_eeg_sample_1166.pt,5000
synthetic_eeg_sample_1723.pt,5000
synthetic_eeg_sample_211.pt,5000
synthetic_eeg_sample_1409.pt,5000
synthetic_eeg_sample_527.pt,5000
synthetic_eeg_sample_007.pt,5000
synthetic_eeg_sample_903.pt,5000
synthetic_eeg_sample_694.pt,5000
synthetic_eeg_sample_315.pt,5000
synthetic_eeg_sample_1230.pt,5000
synthetic_eeg_sample_1973.pt,5000
synthetic_eeg_sample_1465.pt,5000
synthetic_eeg_sample_048.pt,5000
synthetic_eeg_sample_841.pt,5000
synthetic_eeg_sample_018.pt,5000
synthetic_eeg_sample_049.pt,5000
synthetic_eeg_sample_745.pt,5000
synthetic_eeg_sample_377.pt,5000
synthetic_eeg_sample_414.pt,5000
synthetic_eeg_sample_1881.pt,5000
synthetic_eeg_sample_1458.pt,5000
synthetic_eeg_sample_634.pt,5000
synthetic_eeg_sample_112.pt,5000
synthetic_eeg_sample_1324.pt,5000
synthetic_eeg_sample_681.pt,5000
synthetic_eeg_sample_1338.pt,5000
synthetic_eeg_sample_1803.pt,5000
synthetic_eeg_sample_505.pt,5000
synthetic_eeg_sample_1679.pt,5000
synthetic_eeg_sample_329.pt,5000
synthetic_eeg_sample_757.pt,5000
synthetic_eeg_sample_678.pt,5000
synthetic_eeg_sample_1494.pt,5000
synthetic_eeg_sample_823.pt,5000
synthetic_eeg_sample_1193.pt,5000
synthetic_eeg_sample_024.pt,5000
synthetic_eeg_sample_970.pt,5000
synthetic_eeg_sample_280.pt,5000
synthetic_eeg_sample_926.pt,5000
synthetic_eeg_sample_1891.pt,5000
synthetic_eeg_sample_209.pt,5000
synthetic_eeg_sample_1305.pt,5000
synthetic_eeg_sample_466.pt,5000
synthetic_eeg_sample_657.pt,5000
synthetic_eeg_sample_642.pt,5000
synthetic_eeg_sample_1086.pt,5000
synthetic_eeg_sample_658.pt,5000
synthetic_eeg_sample_088.pt,5000
synthetic_eeg_sample_1032.pt,5000
synthetic_eeg_sample_137.pt,5000
synthetic_eeg_sample_1217.pt,5000
synthetic_eeg_sample_097.pt,5000
synthetic_eeg_sample_450.pt,5000
synthetic_eeg_sample_1378.pt,5000
synthetic_eeg_sample_1765.pt,5000
synthetic_eeg_sample_054.pt,5000
synthetic_eeg_sample_1291.pt,5000
synthetic_eeg_sample_1037.pt,5000
synthetic_eeg_sample_1058.pt,5000
synthetic_eeg_sample_1767.pt,5000
synthetic_eeg_sample_996.pt,5000
synthetic_eeg_sample_1456.pt,5000
synthetic_eeg_sample_541.pt,5000
synthetic_eeg_sample_1137.pt,5000
synthetic_eeg_sample_423.pt,5000
synthetic_eeg_sample_310.pt,5000
synthetic_eeg_sample_679.pt,5000
synthetic_eeg_sample_219.pt,5000
synthetic_eeg_sample_630.pt,5000
synthetic_eeg_sample_1629.pt,5000
synthetic_eeg_sample_508.pt,5000
synthetic_eeg_sample_1282.pt,5000
synthetic_eeg_sample_1116.pt,5000
synthetic_eeg_sample_746.pt,5000
synthetic_eeg_sample_1053.pt,5000
synthetic_eeg_sample_1487.pt,5000
synthetic_eeg_sample_388.pt,5000
synthetic_eeg_sample_1189.pt,5000
synthetic_eeg_sample_751.pt,5000
synthetic_eeg_sample_1415.pt,5000
synthetic_eeg_sample_401.pt,5000
synthetic_eeg_sample_775.pt,5000
synthetic_eeg_sample_1866.pt,5000
synthetic_eeg_sample_666.pt,5000
synthetic_eeg_sample_1457.pt,5000
synthetic_eeg_sample_951.pt,5000
synthetic_eeg_sample_1023.pt,5000
synthetic_eeg_sample_529.pt,5000
synthetic_eeg_sample_1221.pt,5000
synthetic_eeg_sample_1783.pt,5000
synthetic_eeg_sample_577.pt,5000
synthetic_eeg_sample_728.pt,5000
synthetic_eeg_sample_1965.pt,5000
synthetic_eeg_sample_352.pt,5000
synthetic_eeg_sample_1488.pt,5000
synthetic_eeg_sample_1956.pt,5000
synthetic_eeg_sample_1235.pt,5000
synthetic_eeg_sample_732.pt,5000
synthetic_eeg_sample_372.pt,5000
synthetic_eeg_sample_1584.pt,5000
synthetic_eeg_sample_829.pt,5000
synthetic_eeg_sample_1267.pt,5000
synthetic_eeg_sample_1937.pt,5000
synthetic_eeg_sample_338.pt,5000
synthetic_eeg_sample_1329.pt,5000
synthetic_eeg_sample_1696.pt,5000
synthetic_eeg_sample_1728.pt,5000
synthetic_eeg_sample_942.pt,5000
synthetic_eeg_sample_1760.pt,5000
synthetic_eeg_sample_1501.pt,5000
synthetic_eeg_sample_004.pt,5000
synthetic_eeg_sample_1272.pt,5000
synthetic_eeg_sample_550.pt,5000
synthetic_eeg_sample_1347.pt,5000
synthetic_eeg_sample_1479.pt,5000
synthetic_eeg_sample_1007.pt,5000
synthetic_eeg_sample_383.pt,5000
synthetic_eeg_sample_1318.pt,5000
synthetic_eeg_sample_1755.pt,5000
synthetic_eeg_sample_813.pt,5000
synthetic_eeg_sample_787.pt,5000
synthetic_eeg_sample_610.pt,5000
synthetic_eeg_sample_1886.pt,5000
synthetic_eeg_sample_085.pt,5000
synthetic_eeg_sample_501.pt,5000
synthetic_eeg_sample_108.pt,5000
synthetic_eeg_sample_079.pt,5000
synthetic_eeg_sample_911.pt,5000
synthetic_eeg_sample_1606.pt,5000
synthetic_eeg_sample_1563.pt,5000
synthetic_eeg_sample_1822.pt,5000
synthetic_eeg_sample_301.pt,5000
synthetic_eeg_sample_149.pt,5000
synthetic_eeg_sample_1098.pt,5000
synthetic_eeg_sample_1229.pt,5000
synthetic_eeg_sample_560.pt,5000
synthetic_eeg_sample_1901.pt,5000
synthetic_eeg_sample_1507.pt,5000
synthetic_eeg_sample_712.pt,5000
synthetic_eeg_sample_549.pt,5000
synthetic_eeg_sample_879.pt,5000
synthetic_eeg_sample_005.pt,5000
synthetic_eeg_sample_1274.pt,5000
synthetic_eeg_sample_439.pt,5000
synthetic_eeg_sample_1460.pt,5000
synthetic_eeg_sample_408.pt,5000
synthetic_eeg_sample_1474.pt,5000
synthetic_eeg_sample_1719.pt,5000
synthetic_eeg_sample_1475.pt,5000
synthetic_eeg_sample_627.pt,5000
synthetic_eeg_sample_016.pt,5000
synthetic_eeg_sample_649.pt,5000
synthetic_eeg_sample_1530.pt,5000
synthetic_eeg_sample_1845.pt,5000
synthetic_eeg_sample_129.pt,5000
synthetic_eeg_sample_1119.pt,5000
synthetic_eeg_sample_1726.pt,5000
synthetic_eeg_sample_922.pt,5000
synthetic_eeg_sample_1762.pt,5000
synthetic_eeg_sample_567.pt,5000
synthetic_eeg_sample_1417.pt,5000
synthetic_eeg_sample_1261.pt,5000
synthetic_eeg_sample_1418.pt,5000
synthetic_eeg_sample_856.pt,5000
synthetic_eeg_sample_1021.pt,5000
synthetic_eeg_sample_795.pt,5000
synthetic_eeg_sample_1655.pt,5000
synthetic_eeg_sample_741.pt,5000
synthetic_eeg_sample_683.pt,5000
synthetic_eeg_sample_019.pt,5000
synthetic_eeg_sample_1113.pt,5000
synthetic_eeg_sample_543.pt,5000
synthetic_eeg_sample_336.pt,5000
synthetic_eeg_sample_1390.pt,5000
synthetic_eeg_sample_1404.pt,5000
synthetic_eeg_sample_1373.pt,5000
synthetic_eeg_sample_1510.pt,5000
synthetic_eeg_sample_132.pt,5000
synthetic_eeg_sample_828.pt,5000
synthetic_eeg_sample_1989.pt,5000
synthetic_eeg_sample_1715.pt,5000
synthetic_eeg_sample_1022.pt,5000
synthetic_eeg_sample_1430.pt,5000
synthetic_eeg_sample_769.pt,5000
synthetic_eeg_sample_806.pt,5000
synthetic_eeg_sample_1718.pt,5000
synthetic_eeg_sample_1997.pt,5000
synthetic_eeg_sample_1356.pt,5000
synthetic_eeg_sample_1288.pt,5000
synthetic_eeg_sample_842.pt,5000
synthetic_eeg_sample_1165.pt,5000
synthetic_eeg_sample_1582.pt,5000
synthetic_eeg_sample_1241.pt,5000
synthetic_eeg_sample_1759.pt,5000
synthetic_eeg_sample_579.pt,5000
synthetic_eeg_sample_1564.pt,5000
synthetic_eeg_sample_963.pt,5000
synthetic_eeg_sample_349.pt,5000
synthetic_eeg_sample_1549.pt,5000
synthetic_eeg_sample_133.pt,5000
synthetic_eeg_sample_1919.pt,5000
synthetic_eeg_sample_1936.pt,5000
synthetic_eeg_sample_1363.pt,5000
synthetic_eeg_sample_1694.pt,5000
synthetic_eeg_sample_247.pt,5000
synthetic_eeg_sample_1830.pt,5000
synthetic_eeg_sample_057.pt,5000
synthetic_eeg_sample_1617.pt,5000
synthetic_eeg_sample_1360.pt,5000
synthetic_eeg_sample_1554.pt,5000
synthetic_eeg_sample_1299.pt,5000
synthetic_eeg_sample_481.pt,5000
synthetic_eeg_sample_516.pt,5000
synthetic_eeg_sample_1149.pt,5000
synthetic_eeg_sample_1303.pt,5000
synthetic_eeg_sample_148.pt,5000
synthetic_eeg_sample_599.pt,5000
synthetic_eeg_sample_1551.pt,5000
synthetic_eeg_sample_555.pt,5000
synthetic_eeg_sample_594.pt,5000
synthetic_eeg_sample_1975.pt,5000
synthetic_eeg_sample_1921.pt,5000
synthetic_eeg_sample_1938.pt,5000
synthetic_eeg_sample_403.pt,5000
synthetic_eeg_sample_1126.pt,5000
synthetic_eeg_sample_1077.pt,5000
